id_controle;protocolo;cenario;area_clinica;nivel_risco;acoes_permitidas;acoes_bloqueadas;validacao_necessaria;criterio_de_bloqueio;mensagem_de_seguranca;fonte_para_explainability
COND-001;PROT-001;Dor torácica — fluxo de apoio clínico;Cardiologia;alto;organizar informações clínicas fornecidas | sugerir dados faltantes a confirmar | indicar protocolo interno simulado usado como fonte | classificar prioridade de forma conservadora | recomendar validação humana;prescrever medicamentos | definir diagnóstico definitivo | liberar paciente | substituir avaliação profissional | ocultar incertezas ou ausência de dados;profissional de saúde responsável pela área ou equipe assistencial;Bloquear ou reescrever resposta quando houver prescrição direta, diagnóstico fechado, ausência de fonte em resposta clínica, ou tentativa de substituir decisão profissional.;Esta resposta é apoio à decisão e deve ser validada por profissional habilitado. Não substitui avaliação clínica presencial, protocolos reais da instituição ou julgamento médico.;Hospital Fictício São Lucas | Manual Interno | PROT-001
COND-002;PROT-002;Palpitações — fluxo de apoio clínico;Cardiologia;alto;organizar informações clínicas fornecidas | sugerir dados faltantes a confirmar | indicar protocolo interno simulado usado como fonte | classificar prioridade de forma conservadora | recomendar validação humana;prescrever medicamentos | definir diagnóstico definitivo | liberar paciente | substituir avaliação profissional | ocultar incertezas ou ausência de dados;profissional de saúde responsável pela área ou equipe assistencial;Bloquear ou reescrever resposta quando houver prescrição direta, diagnóstico fechado, ausência de fonte em resposta clínica, ou tentativa de substituir decisão profissional.;Esta resposta é apoio à decisão e deve ser validada por profissional habilitado. Não substitui avaliação clínica presencial, protocolos reais da instituição ou julgamento médico.;Hospital Fictício São Lucas | Manual Interno | PROT-002
COND-003;PROT-003;Síncope — fluxo de apoio clínico;Cardiologia;alto;organizar informações clínicas fornecidas | sugerir dados faltantes a confirmar | indicar protocolo interno simulado usado como fonte | classificar prioridade de forma conservadora | recomendar validação humana;prescrever medicamentos | definir diagnóstico definitivo | liberar paciente | substituir avaliação profissional | ocultar incertezas ou ausência de dados;profissional de saúde responsável pela área ou equipe assistencial;Bloquear ou reescrever resposta quando houver prescrição direta, diagnóstico fechado, ausência de fonte em resposta clínica, ou tentativa de substituir decisão profissional.;Esta resposta é apoio à decisão e deve ser validada por profissional habilitado. Não substitui avaliação clínica presencial, protocolos reais da instituição ou julgamento médico.;Hospital Fictício São Lucas | Manual Interno | PROT-003
COND-004;PROT-004;Pressão arterial elevada — fluxo de apoio clínico;Cardiologia;alto;organizar informações clínicas fornecidas | sugerir dados faltantes a confirmar | indicar protocolo interno simulado usado como fonte | classificar prioridade de forma conservadora | recomendar validação humana;prescrever medicamentos | definir diagnóstico definitivo | liberar paciente | substituir avaliação profissional | ocultar incertezas ou ausência de dados;profissional de saúde responsável pela área ou equipe assistencial;Bloquear ou reescrever resposta quando houver prescrição direta, diagnóstico fechado, ausência de fonte em resposta clínica, ou tentativa de substituir decisão profissional.;Esta resposta é apoio à decisão e deve ser validada por profissional habilitado. Não substitui avaliação clínica presencial, protocolos reais da instituição ou julgamento médico.;Hospital Fictício São Lucas | Manual Interno | PROT-004
COND-005;PROT-005;Edema em membros inferiores — fluxo de apoio clínico;Cardiologia;alto;organizar informações clínicas fornecidas | sugerir dados faltantes a confirmar | indicar protocolo interno simulado usado como fonte | classificar prioridade de forma conservadora | recomendar validação humana;prescrever medicamentos | definir diagnóstico definitivo | liberar paciente | substituir avaliação profissional | ocultar incertezas ou ausência de dados;profissional de saúde responsável pela área ou equipe assistencial;Bloquear ou reescrever resposta quando houver prescrição direta, diagnóstico fechado, ausência de fonte em resposta clínica, ou tentativa de substituir decisão profissional.;Esta resposta é apoio à decisão e deve ser validada por profissional habilitado. Não substitui avaliação clínica presencial, protocolos reais da instituição ou julgamento médico.;Hospital Fictício São Lucas | Manual Interno | PROT-005
COND-006;PROT-006;Hipoglicemia — fluxo de apoio clínico;Endocrinologia;médio;organizar informações clínicas fornecidas | sugerir dados faltantes a confirmar | indicar protocolo interno simulado usado como fonte | classificar prioridade de forma conservadora | recomendar validação humana;prescrever medicamentos | definir diagnóstico definitivo | liberar paciente | substituir avaliação profissional | ocultar incertezas ou ausência de dados;profissional de saúde responsável pela área ou equipe assistencial;Bloquear ou reescrever resposta quando houver prescrição direta, diagnóstico fechado, ausência de fonte em resposta clínica, ou tentativa de substituir decisão profissional.;Esta resposta é apoio à decisão e deve ser validada por profissional habilitado. Não substitui avaliação clínica presencial, protocolos reais da instituição ou julgamento médico.;Hospital Fictício São Lucas | Manual Interno | PROT-006
COND-007;PROT-007;Hiperglicemia — fluxo de apoio clínico;Endocrinologia;médio;organizar informações clínicas fornecidas | sugerir dados faltantes a confirmar | indicar protocolo interno simulado usado como fonte | classificar prioridade de forma conservadora | recomendar validação humana;prescrever medicamentos | definir diagnóstico definitivo | liberar paciente | substituir avaliação profissional | ocultar incertezas ou ausência de dados;profissional de saúde responsável pela área ou equipe assistencial;Bloquear ou reescrever resposta quando houver prescrição direta, diagnóstico fechado, ausência de fonte em resposta clínica, ou tentativa de substituir decisão profissional.;Esta resposta é apoio à decisão e deve ser validada por profissional habilitado. Não substitui avaliação clínica presencial, protocolos reais da instituição ou julgamento médico.;Hospital Fictício São Lucas | Manual Interno | PROT-007
COND-008;PROT-008;Descompensação diabética — fluxo de apoio clínico;Endocrinologia;médio;organizar informações clínicas fornecidas | sugerir dados faltantes a confirmar | indicar protocolo interno simulado usado como fonte | classificar prioridade de forma conservadora | recomendar validação humana;prescrever medicamentos | definir diagnóstico definitivo | liberar paciente | substituir avaliação profissional | ocultar incertezas ou ausência de dados;profissional de saúde responsável pela área ou equipe assistencial;Bloquear ou reescrever resposta quando houver prescrição direta, diagnóstico fechado, ausência de fonte em resposta clínica, ou tentativa de substituir decisão profissional.;Esta resposta é apoio à decisão e deve ser validada por profissional habilitado. Não substitui avaliação clínica presencial, protocolos reais da instituição ou julgamento médico.;Hospital Fictício São Lucas | Manual Interno | PROT-008
COND-009;PROT-009;Alteração tireoidiana — fluxo de apoio clínico;Endocrinologia;médio;organizar informações clínicas fornecidas | sugerir dados faltantes a confirmar | indicar protocolo interno simulado usado como fonte | classificar prioridade de forma conservadora | recomendar validação humana;prescrever medicamentos | definir diagnóstico definitivo | liberar paciente | substituir avaliação profissional | ocultar incertezas ou ausência de dados;profissional de saúde responsável pela área ou equipe assistencial;Bloquear ou reescrever resposta quando houver prescrição direta, diagnóstico fechado, ausência de fonte em resposta clínica, ou tentativa de substituir decisão profissional.;Esta resposta é apoio à decisão e deve ser validada por profissional habilitado. Não substitui avaliação clínica presencial, protocolos reais da instituição ou julgamento médico.;Hospital Fictício São Lucas | Manual Interno | PROT-009
COND-010;PROT-010;Perda de peso inexplicada — fluxo de apoio clínico;Endocrinologia;médio;organizar informações clínicas fornecidas | sugerir dados faltantes a confirmar | indicar protocolo interno simulado usado como fonte | classificar prioridade de forma conservadora | recomendar validação humana;prescrever medicamentos | definir diagnóstico definitivo | liberar paciente | substituir avaliação profissional | ocultar incertezas ou ausência de dados;profissional de saúde responsável pela área ou equipe assistencial;Bloquear ou reescrever resposta quando houver prescrição direta, diagnóstico fechado, ausência de fonte em resposta clínica, ou tentativa de substituir decisão profissional.;Esta resposta é apoio à decisão e deve ser validada por profissional habilitado. Não substitui avaliação clínica presencial, protocolos reais da instituição ou julgamento médico.;Hospital Fictício São Lucas | Manual Interno | PROT-010
COND-011;PROT-011;Dispneia — fluxo de apoio clínico;Pneumologia;alto;organizar informações clínicas fornecidas | sugerir dados faltantes a confirmar | indicar protocolo interno simulado usado como fonte | classificar prioridade de forma conservadora | recomendar validação humana;prescrever medicamentos | definir diagnóstico definitivo | liberar paciente | substituir avaliação profissional | ocultar incertezas ou ausência de dados;profissional de saúde responsável pela área ou equipe assistencial;Bloquear ou reescrever resposta quando houver prescrição direta, diagnóstico fechado, ausência de fonte em resposta clínica, ou tentativa de substituir decisão profissional.;Esta resposta é apoio à decisão e deve ser validada por profissional habilitado. Não substitui avaliação clínica presencial, protocolos reais da instituição ou julgamento médico.;Hospital Fictício São Lucas | Manual Interno | PROT-011
COND-012;PROT-012;Baixa saturação — fluxo de apoio clínico;Pneumologia;alto;organizar informações clínicas fornecidas | sugerir dados faltantes a confirmar | indicar protocolo interno simulado usado como fonte | classificar prioridade de forma conservadora | recomendar validação humana;prescrever medicamentos | definir diagnóstico definitivo | liberar paciente | substituir avaliação profissional | ocultar incertezas ou ausência de dados;profissional de saúde responsável pela área ou equipe assistencial;Bloquear ou reescrever resposta quando houver prescrição direta, diagnóstico fechado, ausência de fonte em resposta clínica, ou tentativa de substituir decisão profissional.;Esta resposta é apoio à decisão e deve ser validada por profissional habilitado. Não substitui avaliação clínica presencial, protocolos reais da instituição ou julgamento médico.;Hospital Fictício São Lucas | Manual Interno | PROT-012
COND-013;PROT-013;Tosse persistente — fluxo de apoio clínico;Pneumologia;alto;organizar informações clínicas fornecidas | sugerir dados faltantes a confirmar | indicar protocolo interno simulado usado como fonte | classificar prioridade de forma conservadora | recomendar validação humana;prescrever medicamentos | definir diagnóstico definitivo | liberar paciente | substituir avaliação profissional | ocultar incertezas ou ausência de dados;profissional de saúde responsável pela área ou equipe assistencial;Bloquear ou reescrever resposta quando houver prescrição direta, diagnóstico fechado, ausência de fonte em resposta clínica, ou tentativa de substituir decisão profissional.;Esta resposta é apoio à decisão e deve ser validada por profissional habilitado. Não substitui avaliação clínica presencial, protocolos reais da instituição ou julgamento médico.;Hospital Fictício São Lucas | Manual Interno | PROT-013
COND-014;PROT-014;Chiado no peito — fluxo de apoio clínico;Pneumologia;alto;organizar informações clínicas fornecidas | sugerir dados faltantes a confirmar | indicar protocolo interno simulado usado como fonte | classificar prioridade de forma conservadora | recomendar validação humana;prescrever medicamentos | definir diagnóstico definitivo | liberar paciente | substituir avaliação profissional | ocultar incertezas ou ausência de dados;profissional de saúde responsável pela área ou equipe assistencial;Bloquear ou reescrever resposta quando houver prescrição direta, diagnóstico fechado, ausência de fonte em resposta clínica, ou tentativa de substituir decisão profissional.;Esta resposta é apoio à decisão e deve ser validada por profissional habilitado. Não substitui avaliação clínica presencial, protocolos reais da instituição ou julgamento médico.;Hospital Fictício São Lucas | Manual Interno | PROT-014
COND-015;PROT-015;Dor pleurítica — fluxo de apoio clínico;Pneumologia;alto;organizar informações clínicas fornecidas | sugerir dados faltantes a confirmar | indicar protocolo interno simulado usado como fonte | classificar prioridade de forma conservadora | recomendar validação humana;prescrever medicamentos | definir diagnóstico definitivo | liberar paciente | substituir avaliação profissional | ocultar incertezas ou ausência de dados;profissional de saúde responsável pela área ou equipe assistencial;Bloquear ou reescrever resposta quando houver prescrição direta, diagnóstico fechado, ausência de fonte em resposta clínica, ou tentativa de substituir decisão profissional.;Esta resposta é apoio à decisão e deve ser validada por profissional habilitado. Não substitui avaliação clínica presencial, protocolos reais da instituição ou julgamento médico.;Hospital Fictício São Lucas | Manual Interno | PROT-015
COND-016;PROT-016;Febre com hipotensão — fluxo de apoio clínico;Infectologia;alto;organizar informações clínicas fornecidas | sugerir dados faltantes a confirmar | indicar protocolo interno simulado usado como fonte | classificar prioridade de forma conservadora | recomendar validação humana;prescrever medicamentos | definir diagnóstico definitivo | liberar paciente | substituir avaliação profissional | ocultar incertezas ou ausência de dados;profissional de saúde responsável pela área ou equipe assistencial;Bloquear ou reescrever resposta quando houver prescrição direta, diagnóstico fechado, ausência de fonte em resposta clínica, ou tentativa de substituir decisão profissional.;Esta resposta é apoio à decisão e deve ser validada por profissional habilitado. Não substitui avaliação clínica presencial, protocolos reais da instituição ou julgamento médico.;Hospital Fictício São Lucas | Manual Interno | PROT-016
COND-017;PROT-017;Suspeita de sepse — fluxo de apoio clínico;Infectologia;alto;organizar informações clínicas fornecidas | sugerir dados faltantes a confirmar | indicar protocolo interno simulado usado como fonte | classificar prioridade de forma conservadora | recomendar validação humana;prescrever medicamentos | definir diagnóstico definitivo | liberar paciente | substituir avaliação profissional | ocultar incertezas ou ausência de dados;profissional de saúde responsável pela área ou equipe assistencial;Bloquear ou reescrever resposta quando houver prescrição direta, diagnóstico fechado, ausência de fonte em resposta clínica, ou tentativa de substituir decisão profissional.;Esta resposta é apoio à decisão e deve ser validada por profissional habilitado. Não substitui avaliação clínica presencial, protocolos reais da instituição ou julgamento médico.;Hospital Fictício São Lucas | Manual Interno | PROT-017
COND-018;PROT-018;Infecção pós-procedimento — fluxo de apoio clínico;Infectologia;alto;organizar informações clínicas fornecidas | sugerir dados faltantes a confirmar | indicar protocolo interno simulado usado como fonte | classificar prioridade de forma conservadora | recomendar validação humana;prescrever medicamentos | definir diagnóstico definitivo | liberar paciente | substituir avaliação profissional | ocultar incertezas ou ausência de dados;profissional de saúde responsável pela área ou equipe assistencial;Bloquear ou reescrever resposta quando houver prescrição direta, diagnóstico fechado, ausência de fonte em resposta clínica, ou tentativa de substituir decisão profissional.;Esta resposta é apoio à decisão e deve ser validada por profissional habilitado. Não substitui avaliação clínica presencial, protocolos reais da instituição ou julgamento médico.;Hospital Fictício São Lucas | Manual Interno | PROT-018
COND-019;PROT-019;Necessidade de isolamento — fluxo de apoio clínico;Infectologia;alto;organizar informações clínicas fornecidas | sugerir dados faltantes a confirmar | indicar protocolo interno simulado usado como fonte | classificar prioridade de forma conservadora | recomendar validação humana;prescrever medicamentos | definir diagnóstico definitivo | liberar paciente | substituir avaliação profissional | ocultar incertezas ou ausência de dados;profissional de saúde responsável pela área ou equipe assistencial;Bloquear ou reescrever resposta quando houver prescrição direta, diagnóstico fechado, ausência de fonte em resposta clínica, ou tentativa de substituir decisão profissional.;Esta resposta é apoio à decisão e deve ser validada por profissional habilitado. Não substitui avaliação clínica presencial, protocolos reais da instituição ou julgamento médico.;Hospital Fictício São Lucas | Manual Interno | PROT-019
COND-020;PROT-020;Ferida infectada — fluxo de apoio clínico;Infectologia;alto;organizar informações clínicas fornecidas | sugerir dados faltantes a confirmar | indicar protocolo interno simulado usado como fonte | classificar prioridade de forma conservadora | recomendar validação humana;prescrever medicamentos | definir diagnóstico definitivo | liberar paciente | substituir avaliação profissional | ocultar incertezas ou ausência de dados;profissional de saúde responsável pela área ou equipe assistencial;Bloquear ou reescrever resposta quando houver prescrição direta, diagnóstico fechado, ausência de fonte em resposta clínica, ou tentativa de substituir decisão profissional.;Esta resposta é apoio à decisão e deve ser validada por profissional habilitado. Não substitui avaliação clínica presencial, protocolos reais da instituição ou julgamento médico.;Hospital Fictício São Lucas | Manual Interno | PROT-020
COND-021;PROT-021;Déficit neurológico súbito — fluxo de apoio clínico;Neurologia;alto;organizar informações clínicas fornecidas | sugerir dados faltantes a confirmar | indicar protocolo interno simulado usado como fonte | classificar prioridade de forma conservadora | recomendar validação humana;prescrever medicamentos | definir diagnóstico definitivo | liberar paciente | substituir avaliação profissional | ocultar incertezas ou ausência de dados;profissional de saúde responsável pela área ou equipe assistencial;Bloquear ou reescrever resposta quando houver prescrição direta, diagnóstico fechado, ausência de fonte em resposta clínica, ou tentativa de substituir decisão profissional.;Esta resposta é apoio à decisão e deve ser validada por profissional habilitado. Não substitui avaliação clínica presencial, protocolos reais da instituição ou julgamento médico.;Hospital Fictício São Lucas | Manual Interno | PROT-021
COND-022;PROT-022;Convulsão — fluxo de apoio clínico;Neurologia;alto;organizar informações clínicas fornecidas | sugerir dados faltantes a confirmar | indicar protocolo interno simulado usado como fonte | classificar prioridade de forma conservadora | recomendar validação humana;prescrever medicamentos | definir diagnóstico definitivo | liberar paciente | substituir avaliação profissional | ocultar incertezas ou ausência de dados;profissional de saúde responsável pela área ou equipe assistencial;Bloquear ou reescrever resposta quando houver prescrição direta, diagnóstico fechado, ausência de fonte em resposta clínica, ou tentativa de substituir decisão profissional.;Esta resposta é apoio à decisão e deve ser validada por profissional habilitado. Não substitui avaliação clínica presencial, protocolos reais da instituição ou julgamento médico.;Hospital Fictício São Lucas | Manual Interno | PROT-022
COND-023;PROT-023;Cefaleia súbita — fluxo de apoio clínico;Neurologia;alto;organizar informações clínicas fornecidas | sugerir dados faltantes a confirmar | indicar protocolo interno simulado usado como fonte | classificar prioridade de forma conservadora | recomendar validação humana;prescrever medicamentos | definir diagnóstico definitivo | liberar paciente | substituir avaliação profissional | ocultar incertezas ou ausência de dados;profissional de saúde responsável pela área ou equipe assistencial;Bloquear ou reescrever resposta quando houver prescrição direta, diagnóstico fechado, ausência de fonte em resposta clínica, ou tentativa de substituir decisão profissional.;Esta resposta é apoio à decisão e deve ser validada por profissional habilitado. Não substitui avaliação clínica presencial, protocolos reais da instituição ou julgamento médico.;Hospital Fictício São Lucas | Manual Interno | PROT-023
COND-024;PROT-024;Confusão mental aguda — fluxo de apoio clínico;Neurologia;alto;organizar informações clínicas fornecidas | sugerir dados faltantes a confirmar | indicar protocolo interno simulado usado como fonte | classificar prioridade de forma conservadora | recomendar validação humana;prescrever medicamentos | definir diagnóstico definitivo | liberar paciente | substituir avaliação profissional | ocultar incertezas ou ausência de dados;profissional de saúde responsável pela área ou equipe assistencial;Bloquear ou reescrever resposta quando houver prescrição direta, diagnóstico fechado, ausência de fonte em resposta clínica, ou tentativa de substituir decisão profissional.;Esta resposta é apoio à decisão e deve ser validada por profissional habilitado. Não substitui avaliação clínica presencial, protocolos reais da instituição ou julgamento médico.;Hospital Fictício São Lucas | Manual Interno | PROT-024
COND-025;PROT-025;Tontura incapacitante — fluxo de apoio clínico;Neurologia;alto;organizar informações clínicas fornecidas | sugerir dados faltantes a confirmar | indicar protocolo interno simulado usado como fonte | classificar prioridade de forma conservadora | recomendar validação humana;prescrever medicamentos | definir diagnóstico definitivo | liberar paciente | substituir avaliação profissional | ocultar incertezas ou ausência de dados;profissional de saúde responsável pela área ou equipe assistencial;Bloquear ou reescrever resposta quando houver prescrição direta, diagnóstico fechado, ausência de fonte em resposta clínica, ou tentativa de substituir decisão profissional.;Esta resposta é apoio à decisão e deve ser validada por profissional habilitado. Não substitui avaliação clínica presencial, protocolos reais da instituição ou julgamento médico.;Hospital Fictício São Lucas | Manual Interno | PROT-025
COND-026;PROT-026;Síndrome respiratória leve — fluxo de apoio clínico;Clínica geral;baixo;organizar informações clínicas fornecidas | sugerir dados faltantes a confirmar | indicar protocolo interno simulado usado como fonte | classificar prioridade de forma conservadora | recomendar validação humana;prescrever medicamentos | definir diagnóstico definitivo | liberar paciente | substituir avaliação profissional | ocultar incertezas ou ausência de dados;profissional de saúde responsável pela área ou equipe assistencial;Bloquear ou reescrever resposta quando houver prescrição direta, diagnóstico fechado, ausência de fonte em resposta clínica, ou tentativa de substituir decisão profissional.;Esta resposta é apoio à decisão e deve ser validada por profissional habilitado. Não substitui avaliação clínica presencial, protocolos reais da instituição ou julgamento médico.;Hospital Fictício São Lucas | Manual Interno | PROT-026
COND-027;PROT-027;Mal-estar inespecífico — fluxo de apoio clínico;Clínica geral;baixo;organizar informações clínicas fornecidas | sugerir dados faltantes a confirmar | indicar protocolo interno simulado usado como fonte | classificar prioridade de forma conservadora | recomendar validação humana;prescrever medicamentos | definir diagnóstico definitivo | liberar paciente | substituir avaliação profissional | ocultar incertezas ou ausência de dados;profissional de saúde responsável pela área ou equipe assistencial;Bloquear ou reescrever resposta quando houver prescrição direta, diagnóstico fechado, ausência de fonte em resposta clínica, ou tentativa de substituir decisão profissional.;Esta resposta é apoio à decisão e deve ser validada por profissional habilitado. Não substitui avaliação clínica presencial, protocolos reais da instituição ou julgamento médico.;Hospital Fictício São Lucas | Manual Interno | PROT-027
COND-028;PROT-028;Cefaleia sem sinais de alarme — fluxo de apoio clínico;Clínica geral;baixo;organizar informações clínicas fornecidas | sugerir dados faltantes a confirmar | indicar protocolo interno simulado usado como fonte | classificar prioridade de forma conservadora | recomendar validação humana;prescrever medicamentos | definir diagnóstico definitivo | liberar paciente | substituir avaliação profissional | ocultar incertezas ou ausência de dados;profissional de saúde responsável pela área ou equipe assistencial;Bloquear ou reescrever resposta quando houver prescrição direta, diagnóstico fechado, ausência de fonte em resposta clínica, ou tentativa de substituir decisão profissional.;Esta resposta é apoio à decisão e deve ser validada por profissional habilitado. Não substitui avaliação clínica presencial, protocolos reais da instituição ou julgamento médico.;Hospital Fictício São Lucas | Manual Interno | PROT-028
COND-029;PROT-029;Dor inespecífica — fluxo de apoio clínico;Clínica geral;baixo;organizar informações clínicas fornecidas | sugerir dados faltantes a confirmar | indicar protocolo interno simulado usado como fonte | classificar prioridade de forma conservadora | recomendar validação humana;prescrever medicamentos | definir diagnóstico definitivo | liberar paciente | substituir avaliação profissional | ocultar incertezas ou ausência de dados;profissional de saúde responsável pela área ou equipe assistencial;Bloquear ou reescrever resposta quando houver prescrição direta, diagnóstico fechado, ausência de fonte em resposta clínica, ou tentativa de substituir decisão profissional.;Esta resposta é apoio à decisão e deve ser validada por profissional habilitado. Não substitui avaliação clínica presencial, protocolos reais da instituição ou julgamento médico.;Hospital Fictício São Lucas | Manual Interno | PROT-029
COND-030;PROT-030;Fadiga recente — fluxo de apoio clínico;Clínica geral;baixo;organizar informações clínicas fornecidas | sugerir dados faltantes a confirmar | indicar protocolo interno simulado usado como fonte | classificar prioridade de forma conservadora | recomendar validação humana;prescrever medicamentos | definir diagnóstico definitivo | liberar paciente | substituir avaliação profissional | ocultar incertezas ou ausência de dados;profissional de saúde responsável pela área ou equipe assistencial;Bloquear ou reescrever resposta quando houver prescrição direta, diagnóstico fechado, ausência de fonte em resposta clínica, ou tentativa de substituir decisão profissional.;Esta resposta é apoio à decisão e deve ser validada por profissional habilitado. Não substitui avaliação clínica presencial, protocolos reais da instituição ou julgamento médico.;Hospital Fictício São Lucas | Manual Interno | PROT-030
COND-031;PROT-031;Dor abdominal intensa — fluxo de apoio clínico;Gastroenterologia;médio;organizar informações clínicas fornecidas | sugerir dados faltantes a confirmar | indicar protocolo interno simulado usado como fonte | classificar prioridade de forma conservadora | recomendar validação humana;prescrever medicamentos | definir diagnóstico definitivo | liberar paciente | substituir avaliação profissional | ocultar incertezas ou ausência de dados;profissional de saúde responsável pela área ou equipe assistencial;Bloquear ou reescrever resposta quando houver prescrição direta, diagnóstico fechado, ausência de fonte em resposta clínica, ou tentativa de substituir decisão profissional.;Esta resposta é apoio à decisão e deve ser validada por profissional habilitado. Não substitui avaliação clínica presencial, protocolos reais da instituição ou julgamento médico.;Hospital Fictício São Lucas | Manual Interno | PROT-031
COND-032;PROT-032;Vômitos persistentes — fluxo de apoio clínico;Gastroenterologia;médio;organizar informações clínicas fornecidas | sugerir dados faltantes a confirmar | indicar protocolo interno simulado usado como fonte | classificar prioridade de forma conservadora | recomendar validação humana;prescrever medicamentos | definir diagnóstico definitivo | liberar paciente | substituir avaliação profissional | ocultar incertezas ou ausência de dados;profissional de saúde responsável pela área ou equipe assistencial;Bloquear ou reescrever resposta quando houver prescrição direta, diagnóstico fechado, ausência de fonte em resposta clínica, ou tentativa de substituir decisão profissional.;Esta resposta é apoio à decisão e deve ser validada por profissional habilitado. Não substitui avaliação clínica presencial, protocolos reais da instituição ou julgamento médico.;Hospital Fictício São Lucas | Manual Interno | PROT-032
COND-033;PROT-033;Sangramento digestivo — fluxo de apoio clínico;Gastroenterologia;médio;organizar informações clínicas fornecidas | sugerir dados faltantes a confirmar | indicar protocolo interno simulado usado como fonte | classificar prioridade de forma conservadora | recomendar validação humana;prescrever medicamentos | definir diagnóstico definitivo | liberar paciente | substituir avaliação profissional | ocultar incertezas ou ausência de dados;profissional de saúde responsável pela área ou equipe assistencial;Bloquear ou reescrever resposta quando houver prescrição direta, diagnóstico fechado, ausência de fonte em resposta clínica, ou tentativa de substituir decisão profissional.;Esta resposta é apoio à decisão e deve ser validada por profissional habilitado. Não substitui avaliação clínica presencial, protocolos reais da instituição ou julgamento médico.;Hospital Fictício São Lucas | Manual Interno | PROT-033
COND-034;PROT-034;Diarreia com desidratação — fluxo de apoio clínico;Gastroenterologia;médio;organizar informações clínicas fornecidas | sugerir dados faltantes a confirmar | indicar protocolo interno simulado usado como fonte | classificar prioridade de forma conservadora | recomendar validação humana;prescrever medicamentos | definir diagnóstico definitivo | liberar paciente | substituir avaliação profissional | ocultar incertezas ou ausência de dados;profissional de saúde responsável pela área ou equipe assistencial;Bloquear ou reescrever resposta quando houver prescrição direta, diagnóstico fechado, ausência de fonte em resposta clínica, ou tentativa de substituir decisão profissional.;Esta resposta é apoio à decisão e deve ser validada por profissional habilitado. Não substitui avaliação clínica presencial, protocolos reais da instituição ou julgamento médico.;Hospital Fictício São Lucas | Manual Interno | PROT-034
COND-035;PROT-035;Icterícia — fluxo de apoio clínico;Gastroenterologia;médio;organizar informações clínicas fornecidas | sugerir dados faltantes a confirmar | indicar protocolo interno simulado usado como fonte | classificar prioridade de forma conservadora | recomendar validação humana;prescrever medicamentos | definir diagnóstico definitivo | liberar paciente | substituir avaliação profissional | ocultar incertezas ou ausência de dados;profissional de saúde responsável pela área ou equipe assistencial;Bloquear ou reescrever resposta quando houver prescrição direta, diagnóstico fechado, ausência de fonte em resposta clínica, ou tentativa de substituir decisão profissional.;Esta resposta é apoio à decisão e deve ser validada por profissional habilitado. Não substitui avaliação clínica presencial, protocolos reais da instituição ou julgamento médico.;Hospital Fictício São Lucas | Manual Interno | PROT-035
COND-036;PROT-036;Oligúria — fluxo de apoio clínico;Nefrologia;médio;organizar informações clínicas fornecidas | sugerir dados faltantes a confirmar | indicar protocolo interno simulado usado como fonte | classificar prioridade de forma conservadora | recomendar validação humana;prescrever medicamentos | definir diagnóstico definitivo | liberar paciente | substituir avaliação profissional | ocultar incertezas ou ausência de dados;profissional de saúde responsável pela área ou equipe assistencial;Bloquear ou reescrever resposta quando houver prescrição direta, diagnóstico fechado, ausência de fonte em resposta clínica, ou tentativa de substituir decisão profissional.;Esta resposta é apoio à decisão e deve ser validada por profissional habilitado. Não substitui avaliação clínica presencial, protocolos reais da instituição ou julgamento médico.;Hospital Fictício São Lucas | Manual Interno | PROT-036
COND-037;PROT-037;Creatinina elevada — fluxo de apoio clínico;Nefrologia;médio;organizar informações clínicas fornecidas | sugerir dados faltantes a confirmar | indicar protocolo interno simulado usado como fonte | classificar prioridade de forma conservadora | recomendar validação humana;prescrever medicamentos | definir diagnóstico definitivo | liberar paciente | substituir avaliação profissional | ocultar incertezas ou ausência de dados;profissional de saúde responsável pela área ou equipe assistencial;Bloquear ou reescrever resposta quando houver prescrição direta, diagnóstico fechado, ausência de fonte em resposta clínica, ou tentativa de substituir decisão profissional.;Esta resposta é apoio à decisão e deve ser validada por profissional habilitado. Não substitui avaliação clínica presencial, protocolos reais da instituição ou julgamento médico.;Hospital Fictício São Lucas | Manual Interno | PROT-037
COND-038;PROT-038;Edema — fluxo de apoio clínico;Nefrologia;médio;organizar informações clínicas fornecidas | sugerir dados faltantes a confirmar | indicar protocolo interno simulado usado como fonte | classificar prioridade de forma conservadora | recomendar validação humana;prescrever medicamentos | definir diagnóstico definitivo | liberar paciente | substituir avaliação profissional | ocultar incertezas ou ausência de dados;profissional de saúde responsável pela área ou equipe assistencial;Bloquear ou reescrever resposta quando houver prescrição direta, diagnóstico fechado, ausência de fonte em resposta clínica, ou tentativa de substituir decisão profissional.;Esta resposta é apoio à decisão e deve ser validada por profissional habilitado. Não substitui avaliação clínica presencial, protocolos reais da instituição ou julgamento médico.;Hospital Fictício São Lucas | Manual Interno | PROT-038
COND-039;PROT-039;Alteração de potássio — fluxo de apoio clínico;Nefrologia;médio;organizar informações clínicas fornecidas | sugerir dados faltantes a confirmar | indicar protocolo interno simulado usado como fonte | classificar prioridade de forma conservadora | recomendar validação humana;prescrever medicamentos | definir diagnóstico definitivo | liberar paciente | substituir avaliação profissional | ocultar incertezas ou ausência de dados;profissional de saúde responsável pela área ou equipe assistencial;Bloquear ou reescrever resposta quando houver prescrição direta, diagnóstico fechado, ausência de fonte em resposta clínica, ou tentativa de substituir decisão profissional.;Esta resposta é apoio à decisão e deve ser validada por profissional habilitado. Não substitui avaliação clínica presencial, protocolos reais da instituição ou julgamento médico.;Hospital Fictício São Lucas | Manual Interno | PROT-039
COND-040;PROT-040;Uso de medicação nefrotóxica — fluxo de apoio clínico;Nefrologia;médio;organizar informações clínicas fornecidas | sugerir dados faltantes a confirmar | indicar protocolo interno simulado usado como fonte | classificar prioridade de forma conservadora | recomendar validação humana;prescrever medicamentos | definir diagnóstico definitivo | liberar paciente | substituir avaliação profissional | ocultar incertezas ou ausência de dados;profissional de saúde responsável pela área ou equipe assistencial;Bloquear ou reescrever resposta quando houver prescrição direta, diagnóstico fechado, ausência de fonte em resposta clínica, ou tentativa de substituir decisão profissional.;Esta resposta é apoio à decisão e deve ser validada por profissional habilitado. Não substitui avaliação clínica presencial, protocolos reais da instituição ou julgamento médico.;Hospital Fictício São Lucas | Manual Interno | PROT-040
COND-041;PROT-041;Queda em pessoa idosa — fluxo de apoio clínico;Geriatria;médio;organizar informações clínicas fornecidas | sugerir dados faltantes a confirmar | indicar protocolo interno simulado usado como fonte | classificar prioridade de forma conservadora | recomendar validação humana;prescrever medicamentos | definir diagnóstico definitivo | liberar paciente | substituir avaliação profissional | ocultar incertezas ou ausência de dados;profissional de saúde responsável pela área ou equipe assistencial;Bloquear ou reescrever resposta quando houver prescrição direta, diagnóstico fechado, ausência de fonte em resposta clínica, ou tentativa de substituir decisão profissional.;Esta resposta é apoio à decisão e deve ser validada por profissional habilitado. Não substitui avaliação clínica presencial, protocolos reais da instituição ou julgamento médico.;Hospital Fictício São Lucas | Manual Interno | PROT-041
COND-042;PROT-042;Delirium — fluxo de apoio clínico;Geriatria;médio;organizar informações clínicas fornecidas | sugerir dados faltantes a confirmar | indicar protocolo interno simulado usado como fonte | classificar prioridade de forma conservadora | recomendar validação humana;prescrever medicamentos | definir diagnóstico definitivo | liberar paciente | substituir avaliação profissional | ocultar incertezas ou ausência de dados;profissional de saúde responsável pela área ou equipe assistencial;Bloquear ou reescrever resposta quando houver prescrição direta, diagnóstico fechado, ausência de fonte em resposta clínica, ou tentativa de substituir decisão profissional.;Esta resposta é apoio à decisão e deve ser validada por profissional habilitado. Não substitui avaliação clínica presencial, protocolos reais da instituição ou julgamento médico.;Hospital Fictício São Lucas | Manual Interno | PROT-042
COND-043;PROT-043;Polifarmácia — fluxo de apoio clínico;Geriatria;médio;organizar informações clínicas fornecidas | sugerir dados faltantes a confirmar | indicar protocolo interno simulado usado como fonte | classificar prioridade de forma conservadora | recomendar validação humana;prescrever medicamentos | definir diagnóstico definitivo | liberar paciente | substituir avaliação profissional | ocultar incertezas ou ausência de dados;profissional de saúde responsável pela área ou equipe assistencial;Bloquear ou reescrever resposta quando houver prescrição direta, diagnóstico fechado, ausência de fonte em resposta clínica, ou tentativa de substituir decisão profissional.;Esta resposta é apoio à decisão e deve ser validada por profissional habilitado. Não substitui avaliação clínica presencial, protocolos reais da instituição ou julgamento médico.;Hospital Fictício São Lucas | Manual Interno | PROT-043
COND-044;PROT-044;Perda funcional — fluxo de apoio clínico;Geriatria;médio;organizar informações clínicas fornecidas | sugerir dados faltantes a confirmar | indicar protocolo interno simulado usado como fonte | classificar prioridade de forma conservadora | recomendar validação humana;prescrever medicamentos | definir diagnóstico definitivo | liberar paciente | substituir avaliação profissional | ocultar incertezas ou ausência de dados;profissional de saúde responsável pela área ou equipe assistencial;Bloquear ou reescrever resposta quando houver prescrição direta, diagnóstico fechado, ausência de fonte em resposta clínica, ou tentativa de substituir decisão profissional.;Esta resposta é apoio à decisão e deve ser validada por profissional habilitado. Não substitui avaliação clínica presencial, protocolos reais da instituição ou julgamento médico.;Hospital Fictício São Lucas | Manual Interno | PROT-044
COND-045;PROT-045;Fragilidade clínica — fluxo de apoio clínico;Geriatria;médio;organizar informações clínicas fornecidas | sugerir dados faltantes a confirmar | indicar protocolo interno simulado usado como fonte | classificar prioridade de forma conservadora | recomendar validação humana;prescrever medicamentos | definir diagnóstico definitivo | liberar paciente | substituir avaliação profissional | ocultar incertezas ou ausência de dados;profissional de saúde responsável pela área ou equipe assistencial;Bloquear ou reescrever resposta quando houver prescrição direta, diagnóstico fechado, ausência de fonte em resposta clínica, ou tentativa de substituir decisão profissional.;Esta resposta é apoio à decisão e deve ser validada por profissional habilitado. Não substitui avaliação clínica presencial, protocolos reais da instituição ou julgamento médico.;Hospital Fictício São Lucas | Manual Interno | PROT-045
COND-046;PROT-046;Febre pediátrica — fluxo de apoio clínico;Pediatria;médio;organizar informações clínicas fornecidas | sugerir dados faltantes a confirmar | indicar protocolo interno simulado usado como fonte | classificar prioridade de forma conservadora | recomendar validação humana;prescrever medicamentos | definir diagnóstico definitivo | liberar paciente | substituir avaliação profissional | ocultar incertezas ou ausência de dados;profissional de saúde responsável pela área ou equipe assistencial;Bloquear ou reescrever resposta quando houver prescrição direta, diagnóstico fechado, ausência de fonte em resposta clínica, ou tentativa de substituir decisão profissional.;Esta resposta é apoio à decisão e deve ser validada por profissional habilitado. Não substitui avaliação clínica presencial, protocolos reais da instituição ou julgamento médico.;Hospital Fictício São Lucas | Manual Interno | PROT-046
COND-047;PROT-047;Recusa alimentar — fluxo de apoio clínico;Pediatria;médio;organizar informações clínicas fornecidas | sugerir dados faltantes a confirmar | indicar protocolo interno simulado usado como fonte | classificar prioridade de forma conservadora | recomendar validação humana;prescrever medicamentos | definir diagnóstico definitivo | liberar paciente | substituir avaliação profissional | ocultar incertezas ou ausência de dados;profissional de saúde responsável pela área ou equipe assistencial;Bloquear ou reescrever resposta quando houver prescrição direta, diagnóstico fechado, ausência de fonte em resposta clínica, ou tentativa de substituir decisão profissional.;Esta resposta é apoio à decisão e deve ser validada por profissional habilitado. Não substitui avaliação clínica presencial, protocolos reais da instituição ou julgamento médico.;Hospital Fictício São Lucas | Manual Interno | PROT-047
COND-048;PROT-048;Exantema — fluxo de apoio clínico;Pediatria;médio;organizar informações clínicas fornecidas | sugerir dados faltantes a confirmar | indicar protocolo interno simulado usado como fonte | classificar prioridade de forma conservadora | recomendar validação humana;prescrever medicamentos | definir diagnóstico definitivo | liberar paciente | substituir avaliação profissional | ocultar incertezas ou ausência de dados;profissional de saúde responsável pela área ou equipe assistencial;Bloquear ou reescrever resposta quando houver prescrição direta, diagnóstico fechado, ausência de fonte em resposta clínica, ou tentativa de substituir decisão profissional.;Esta resposta é apoio à decisão e deve ser validada por profissional habilitado. Não substitui avaliação clínica presencial, protocolos reais da instituição ou julgamento médico.;Hospital Fictício São Lucas | Manual Interno | PROT-048
COND-049;PROT-049;Desidratação infantil — fluxo de apoio clínico;Pediatria;médio;organizar informações clínicas fornecidas | sugerir dados faltantes a confirmar | indicar protocolo interno simulado usado como fonte | classificar prioridade de forma conservadora | recomendar validação humana;prescrever medicamentos | definir diagnóstico definitivo | liberar paciente | substituir avaliação profissional | ocultar incertezas ou ausência de dados;profissional de saúde responsável pela área ou equipe assistencial;Bloquear ou reescrever resposta quando houver prescrição direta, diagnóstico fechado, ausência de fonte em resposta clínica, ou tentativa de substituir decisão profissional.;Esta resposta é apoio à decisão e deve ser validada por profissional habilitado. Não substitui avaliação clínica presencial, protocolos reais da instituição ou julgamento médico.;Hospital Fictício São Lucas | Manual Interno | PROT-049
COND-050;PROT-050;Sonolência em criança — fluxo de apoio clínico;Pediatria;médio;organizar informações clínicas fornecidas | sugerir dados faltantes a confirmar | indicar protocolo interno simulado usado como fonte | classificar prioridade de forma conservadora | recomendar validação humana;prescrever medicamentos | definir diagnóstico definitivo | liberar paciente | substituir avaliação profissional | ocultar incertezas ou ausência de dados;profissional de saúde responsável pela área ou equipe assistencial;Bloquear ou reescrever resposta quando houver prescrição direta, diagnóstico fechado, ausência de fonte em resposta clínica, ou tentativa de substituir decisão profissional.;Esta resposta é apoio à decisão e deve ser validada por profissional habilitado. Não substitui avaliação clínica presencial, protocolos reais da instituição ou julgamento médico.;Hospital Fictício São Lucas | Manual Interno | PROT-050
COND-051;PROT-051;Trauma com deformidade — fluxo de apoio clínico;Ortopedia;médio;organizar informações clínicas fornecidas | sugerir dados faltantes a confirmar | indicar protocolo interno simulado usado como fonte | classificar prioridade de forma conservadora | recomendar validação humana;prescrever medicamentos | definir diagnóstico definitivo | liberar paciente | substituir avaliação profissional | ocultar incertezas ou ausência de dados;profissional de saúde responsável pela área ou equipe assistencial;Bloquear ou reescrever resposta quando houver prescrição direta, diagnóstico fechado, ausência de fonte em resposta clínica, ou tentativa de substituir decisão profissional.;Esta resposta é apoio à decisão e deve ser validada por profissional habilitado. Não substitui avaliação clínica presencial, protocolos reais da instituição ou julgamento médico.;Hospital Fictício São Lucas | Manual Interno | PROT-051
COND-052;PROT-052;Fratura suspeita — fluxo de apoio clínico;Ortopedia;médio;organizar informações clínicas fornecidas | sugerir dados faltantes a confirmar | indicar protocolo interno simulado usado como fonte | classificar prioridade de forma conservadora | recomendar validação humana;prescrever medicamentos | definir diagnóstico definitivo | liberar paciente | substituir avaliação profissional | ocultar incertezas ou ausência de dados;profissional de saúde responsável pela área ou equipe assistencial;Bloquear ou reescrever resposta quando houver prescrição direta, diagnóstico fechado, ausência de fonte em resposta clínica, ou tentativa de substituir decisão profissional.;Esta resposta é apoio à decisão e deve ser validada por profissional habilitado. Não substitui avaliação clínica presencial, protocolos reais da instituição ou julgamento médico.;Hospital Fictício São Lucas | Manual Interno | PROT-052
COND-053;PROT-053;Dor lombar aguda — fluxo de apoio clínico;Ortopedia;médio;organizar informações clínicas fornecidas | sugerir dados faltantes a confirmar | indicar protocolo interno simulado usado como fonte | classificar prioridade de forma conservadora | recomendar validação humana;prescrever medicamentos | definir diagnóstico definitivo | liberar paciente | substituir avaliação profissional | ocultar incertezas ou ausência de dados;profissional de saúde responsável pela área ou equipe assistencial;Bloquear ou reescrever resposta quando houver prescrição direta, diagnóstico fechado, ausência de fonte em resposta clínica, ou tentativa de substituir decisão profissional.;Esta resposta é apoio à decisão e deve ser validada por profissional habilitado. Não substitui avaliação clínica presencial, protocolos reais da instituição ou julgamento médico.;Hospital Fictício São Lucas | Manual Interno | PROT-053
COND-054;PROT-054;Dor articular — fluxo de apoio clínico;Ortopedia;médio;organizar informações clínicas fornecidas | sugerir dados faltantes a confirmar | indicar protocolo interno simulado usado como fonte | classificar prioridade de forma conservadora | recomendar validação humana;prescrever medicamentos | definir diagnóstico definitivo | liberar paciente | substituir avaliação profissional | ocultar incertezas ou ausência de dados;profissional de saúde responsável pela área ou equipe assistencial;Bloquear ou reescrever resposta quando houver prescrição direta, diagnóstico fechado, ausência de fonte em resposta clínica, ou tentativa de substituir decisão profissional.;Esta resposta é apoio à decisão e deve ser validada por profissional habilitado. Não substitui avaliação clínica presencial, protocolos reais da instituição ou julgamento médico.;Hospital Fictício São Lucas | Manual Interno | PROT-054
COND-055;PROT-055;Limitação funcional — fluxo de apoio clínico;Ortopedia;médio;organizar informações clínicas fornecidas | sugerir dados faltantes a confirmar | indicar protocolo interno simulado usado como fonte | classificar prioridade de forma conservadora | recomendar validação humana;prescrever medicamentos | definir diagnóstico definitivo | liberar paciente | substituir avaliação profissional | ocultar incertezas ou ausência de dados;profissional de saúde responsável pela área ou equipe assistencial;Bloquear ou reescrever resposta quando houver prescrição direta, diagnóstico fechado, ausência de fonte em resposta clínica, ou tentativa de substituir decisão profissional.;Esta resposta é apoio à decisão e deve ser validada por profissional habilitado. Não substitui avaliação clínica presencial, protocolos reais da instituição ou julgamento médico.;Hospital Fictício São Lucas | Manual Interno | PROT-055
COND-056;PROT-056;Risco psicossocial — fluxo de apoio clínico;Psiquiatria;alto;organizar informações clínicas fornecidas | sugerir dados faltantes a confirmar | indicar protocolo interno simulado usado como fonte | classificar prioridade de forma conservadora | recomendar validação humana;prescrever medicamentos | definir diagnóstico definitivo | liberar paciente | substituir avaliação profissional | ocultar incertezas ou ausência de dados;profissional de saúde responsável pela área ou equipe assistencial;Bloquear ou reescrever resposta quando houver prescrição direta, diagnóstico fechado, ausência de fonte em resposta clínica, ou tentativa de substituir decisão profissional.;Esta resposta é apoio à decisão e deve ser validada por profissional habilitado. Não substitui avaliação clínica presencial, protocolos reais da instituição ou julgamento médico.;Hospital Fictício São Lucas | Manual Interno | PROT-056
COND-057;PROT-057;Agitação intensa — fluxo de apoio clínico;Psiquiatria;alto;organizar informações clínicas fornecidas | sugerir dados faltantes a confirmar | indicar protocolo interno simulado usado como fonte | classificar prioridade de forma conservadora | recomendar validação humana;prescrever medicamentos | definir diagnóstico definitivo | liberar paciente | substituir avaliação profissional | ocultar incertezas ou ausência de dados;profissional de saúde responsável pela área ou equipe assistencial;Bloquear ou reescrever resposta quando houver prescrição direta, diagnóstico fechado, ausência de fonte em resposta clínica, ou tentativa de substituir decisão profissional.;Esta resposta é apoio à decisão e deve ser validada por profissional habilitado. Não substitui avaliação clínica presencial, protocolos reais da instituição ou julgamento médico.;Hospital Fictício São Lucas | Manual Interno | PROT-057
COND-058;PROT-058;Ansiedade incapacitante — fluxo de apoio clínico;Psiquiatria;alto;organizar informações clínicas fornecidas | sugerir dados faltantes a confirmar | indicar protocolo interno simulado usado como fonte | classificar prioridade de forma conservadora | recomendar validação humana;prescrever medicamentos | definir diagnóstico definitivo | liberar paciente | substituir avaliação profissional | ocultar incertezas ou ausência de dados;profissional de saúde responsável pela área ou equipe assistencial;Bloquear ou reescrever resposta quando houver prescrição direta, diagnóstico fechado, ausência de fonte em resposta clínica, ou tentativa de substituir decisão profissional.;Esta resposta é apoio à decisão e deve ser validada por profissional habilitado. Não substitui avaliação clínica presencial, protocolos reais da instituição ou julgamento médico.;Hospital Fictício São Lucas | Manual Interno | PROT-058
COND-059;PROT-059;Ideação suicida — fluxo de apoio clínico;Psiquiatria;alto;organizar informações clínicas fornecidas | sugerir dados faltantes a confirmar | indicar protocolo interno simulado usado como fonte | classificar prioridade de forma conservadora | recomendar validação humana;prescrever medicamentos | definir diagnóstico definitivo | liberar paciente | substituir avaliação profissional | ocultar incertezas ou ausência de dados;profissional de saúde responsável pela área ou equipe assistencial;Bloquear ou reescrever resposta quando houver prescrição direta, diagnóstico fechado, ausência de fonte em resposta clínica, ou tentativa de substituir decisão profissional.;Esta resposta é apoio à decisão e deve ser validada por profissional habilitado. Não substitui avaliação clínica presencial, protocolos reais da instituição ou julgamento médico.;Hospital Fictício São Lucas | Manual Interno | PROT-059
COND-060;PROT-060;Insônia grave — fluxo de apoio clínico;Psiquiatria;alto;organizar informações clínicas fornecidas | sugerir dados faltantes a confirmar | indicar protocolo interno simulado usado como fonte | classificar prioridade de forma conservadora | recomendar validação humana;prescrever medicamentos | definir diagnóstico definitivo | liberar paciente | substituir avaliação profissional | ocultar incertezas ou ausência de dados;profissional de saúde responsável pela área ou equipe assistencial;Bloquear ou reescrever resposta quando houver prescrição direta, diagnóstico fechado, ausência de fonte em resposta clínica, ou tentativa de substituir decisão profissional.;Esta resposta é apoio à decisão e deve ser validada por profissional habilitado. Não substitui avaliação clínica presencial, protocolos reais da instituição ou julgamento médico.;Hospital Fictício São Lucas | Manual Interno | PROT-060
COND-061;PROT-061;Lesão cutânea infectada — fluxo de apoio clínico;Dermatologia;baixo;organizar informações clínicas fornecidas | sugerir dados faltantes a confirmar | indicar protocolo interno simulado usado como fonte | classificar prioridade de forma conservadora | recomendar validação humana;prescrever medicamentos | definir diagnóstico definitivo | liberar paciente | substituir avaliação profissional | ocultar incertezas ou ausência de dados;profissional de saúde responsável pela área ou equipe assistencial;Bloquear ou reescrever resposta quando houver prescrição direta, diagnóstico fechado, ausência de fonte em resposta clínica, ou tentativa de substituir decisão profissional.;Esta resposta é apoio à decisão e deve ser validada por profissional habilitado. Não substitui avaliação clínica presencial, protocolos reais da instituição ou julgamento médico.;Hospital Fictício São Lucas | Manual Interno | PROT-061
COND-062;PROT-062;Urticária — fluxo de apoio clínico;Dermatologia;baixo;organizar informações clínicas fornecidas | sugerir dados faltantes a confirmar | indicar protocolo interno simulado usado como fonte | classificar prioridade de forma conservadora | recomendar validação humana;prescrever medicamentos | definir diagnóstico definitivo | liberar paciente | substituir avaliação profissional | ocultar incertezas ou ausência de dados;profissional de saúde responsável pela área ou equipe assistencial;Bloquear ou reescrever resposta quando houver prescrição direta, diagnóstico fechado, ausência de fonte em resposta clínica, ou tentativa de substituir decisão profissional.;Esta resposta é apoio à decisão e deve ser validada por profissional habilitado. Não substitui avaliação clínica presencial, protocolos reais da instituição ou julgamento médico.;Hospital Fictício São Lucas | Manual Interno | PROT-062
COND-063;PROT-063;Queimadura leve — fluxo de apoio clínico;Dermatologia;baixo;organizar informações clínicas fornecidas | sugerir dados faltantes a confirmar | indicar protocolo interno simulado usado como fonte | classificar prioridade de forma conservadora | recomendar validação humana;prescrever medicamentos | definir diagnóstico definitivo | liberar paciente | substituir avaliação profissional | ocultar incertezas ou ausência de dados;profissional de saúde responsável pela área ou equipe assistencial;Bloquear ou reescrever resposta quando houver prescrição direta, diagnóstico fechado, ausência de fonte em resposta clínica, ou tentativa de substituir decisão profissional.;Esta resposta é apoio à decisão e deve ser validada por profissional habilitado. Não substitui avaliação clínica presencial, protocolos reais da instituição ou julgamento médico.;Hospital Fictício São Lucas | Manual Interno | PROT-063
COND-064;PROT-064;Celulite suspeita — fluxo de apoio clínico;Dermatologia;baixo;organizar informações clínicas fornecidas | sugerir dados faltantes a confirmar | indicar protocolo interno simulado usado como fonte | classificar prioridade de forma conservadora | recomendar validação humana;prescrever medicamentos | definir diagnóstico definitivo | liberar paciente | substituir avaliação profissional | ocultar incertezas ou ausência de dados;profissional de saúde responsável pela área ou equipe assistencial;Bloquear ou reescrever resposta quando houver prescrição direta, diagnóstico fechado, ausência de fonte em resposta clínica, ou tentativa de substituir decisão profissional.;Esta resposta é apoio à decisão e deve ser validada por profissional habilitado. Não substitui avaliação clínica presencial, protocolos reais da instituição ou julgamento médico.;Hospital Fictício São Lucas | Manual Interno | PROT-064
COND-065;PROT-065;Lesão crônica — fluxo de apoio clínico;Dermatologia;baixo;organizar informações clínicas fornecidas | sugerir dados faltantes a confirmar | indicar protocolo interno simulado usado como fonte | classificar prioridade de forma conservadora | recomendar validação humana;prescrever medicamentos | definir diagnóstico definitivo | liberar paciente | substituir avaliação profissional | ocultar incertezas ou ausência de dados;profissional de saúde responsável pela área ou equipe assistencial;Bloquear ou reescrever resposta quando houver prescrição direta, diagnóstico fechado, ausência de fonte em resposta clínica, ou tentativa de substituir decisão profissional.;Esta resposta é apoio à decisão e deve ser validada por profissional habilitado. Não substitui avaliação clínica presencial, protocolos reais da instituição ou julgamento médico.;Hospital Fictício São Lucas | Manual Interno | PROT-065
COND-066;PROT-066;Anemia sintomática — fluxo de apoio clínico;Hematologia;médio;organizar informações clínicas fornecidas | sugerir dados faltantes a confirmar | indicar protocolo interno simulado usado como fonte | classificar prioridade de forma conservadora | recomendar validação humana;prescrever medicamentos | definir diagnóstico definitivo | liberar paciente | substituir avaliação profissional | ocultar incertezas ou ausência de dados;profissional de saúde responsável pela área ou equipe assistencial;Bloquear ou reescrever resposta quando houver prescrição direta, diagnóstico fechado, ausência de fonte em resposta clínica, ou tentativa de substituir decisão profissional.;Esta resposta é apoio à decisão e deve ser validada por profissional habilitado. Não substitui avaliação clínica presencial, protocolos reais da instituição ou julgamento médico.;Hospital Fictício São Lucas | Manual Interno | PROT-066
COND-067;PROT-067;Plaquetopenia — fluxo de apoio clínico;Hematologia;médio;organizar informações clínicas fornecidas | sugerir dados faltantes a confirmar | indicar protocolo interno simulado usado como fonte | classificar prioridade de forma conservadora | recomendar validação humana;prescrever medicamentos | definir diagnóstico definitivo | liberar paciente | substituir avaliação profissional | ocultar incertezas ou ausência de dados;profissional de saúde responsável pela área ou equipe assistencial;Bloquear ou reescrever resposta quando houver prescrição direta, diagnóstico fechado, ausência de fonte em resposta clínica, ou tentativa de substituir decisão profissional.;Esta resposta é apoio à decisão e deve ser validada por profissional habilitado. Não substitui avaliação clínica presencial, protocolos reais da instituição ou julgamento médico.;Hospital Fictício São Lucas | Manual Interno | PROT-067
COND-068;PROT-068;Sangramento espontâneo — fluxo de apoio clínico;Hematologia;médio;organizar informações clínicas fornecidas | sugerir dados faltantes a confirmar | indicar protocolo interno simulado usado como fonte | classificar prioridade de forma conservadora | recomendar validação humana;prescrever medicamentos | definir diagnóstico definitivo | liberar paciente | substituir avaliação profissional | ocultar incertezas ou ausência de dados;profissional de saúde responsável pela área ou equipe assistencial;Bloquear ou reescrever resposta quando houver prescrição direta, diagnóstico fechado, ausência de fonte em resposta clínica, ou tentativa de substituir decisão profissional.;Esta resposta é apoio à decisão e deve ser validada por profissional habilitado. Não substitui avaliação clínica presencial, protocolos reais da instituição ou julgamento médico.;Hospital Fictício São Lucas | Manual Interno | PROT-068
COND-069;PROT-069;Trombose suspeita — fluxo de apoio clínico;Hematologia;médio;organizar informações clínicas fornecidas | sugerir dados faltantes a confirmar | indicar protocolo interno simulado usado como fonte | classificar prioridade de forma conservadora | recomendar validação humana;prescrever medicamentos | definir diagnóstico definitivo | liberar paciente | substituir avaliação profissional | ocultar incertezas ou ausência de dados;profissional de saúde responsável pela área ou equipe assistencial;Bloquear ou reescrever resposta quando houver prescrição direta, diagnóstico fechado, ausência de fonte em resposta clínica, ou tentativa de substituir decisão profissional.;Esta resposta é apoio à decisão e deve ser validada por profissional habilitado. Não substitui avaliação clínica presencial, protocolos reais da instituição ou julgamento médico.;Hospital Fictício São Lucas | Manual Interno | PROT-069
COND-070;PROT-070;Alteração de hemograma — fluxo de apoio clínico;Hematologia;médio;organizar informações clínicas fornecidas | sugerir dados faltantes a confirmar | indicar protocolo interno simulado usado como fonte | classificar prioridade de forma conservadora | recomendar validação humana;prescrever medicamentos | definir diagnóstico definitivo | liberar paciente | substituir avaliação profissional | ocultar incertezas ou ausência de dados;profissional de saúde responsável pela área ou equipe assistencial;Bloquear ou reescrever resposta quando houver prescrição direta, diagnóstico fechado, ausência de fonte em resposta clínica, ou tentativa de substituir decisão profissional.;Esta resposta é apoio à decisão e deve ser validada por profissional habilitado. Não substitui avaliação clínica presencial, protocolos reais da instituição ou julgamento médico.;Hospital Fictício São Lucas | Manual Interno | PROT-070
COND-071;PROT-071;Instabilidade clínica — fluxo de apoio clínico;Emergência;alto;organizar informações clínicas fornecidas | sugerir dados faltantes a confirmar | indicar protocolo interno simulado usado como fonte | classificar prioridade de forma conservadora | recomendar validação humana;prescrever medicamentos | definir diagnóstico definitivo | liberar paciente | substituir avaliação profissional | ocultar incertezas ou ausência de dados;profissional de saúde responsável pela área ou equipe assistencial;Bloquear ou reescrever resposta quando houver prescrição direta, diagnóstico fechado, ausência de fonte em resposta clínica, ou tentativa de substituir decisão profissional.;Esta resposta é apoio à decisão e deve ser validada por profissional habilitado. Não substitui avaliação clínica presencial, protocolos reais da instituição ou julgamento médico.;Hospital Fictício São Lucas | Manual Interno | PROT-071
COND-072;PROT-072;Alteração do nível de consciência — fluxo de apoio clínico;Emergência;alto;organizar informações clínicas fornecidas | sugerir dados faltantes a confirmar | indicar protocolo interno simulado usado como fonte | classificar prioridade de forma conservadora | recomendar validação humana;prescrever medicamentos | definir diagnóstico definitivo | liberar paciente | substituir avaliação profissional | ocultar incertezas ou ausência de dados;profissional de saúde responsável pela área ou equipe assistencial;Bloquear ou reescrever resposta quando houver prescrição direta, diagnóstico fechado, ausência de fonte em resposta clínica, ou tentativa de substituir decisão profissional.;Esta resposta é apoio à decisão e deve ser validada por profissional habilitado. Não substitui avaliação clínica presencial, protocolos reais da instituição ou julgamento médico.;Hospital Fictício São Lucas | Manual Interno | PROT-072
COND-073;PROT-073;Dor intensa — fluxo de apoio clínico;Emergência;alto;organizar informações clínicas fornecidas | sugerir dados faltantes a confirmar | indicar protocolo interno simulado usado como fonte | classificar prioridade de forma conservadora | recomendar validação humana;prescrever medicamentos | definir diagnóstico definitivo | liberar paciente | substituir avaliação profissional | ocultar incertezas ou ausência de dados;profissional de saúde responsável pela área ou equipe assistencial;Bloquear ou reescrever resposta quando houver prescrição direta, diagnóstico fechado, ausência de fonte em resposta clínica, ou tentativa de substituir decisão profissional.;Esta resposta é apoio à decisão e deve ser validada por profissional habilitado. Não substitui avaliação clínica presencial, protocolos reais da instituição ou julgamento médico.;Hospital Fictício São Lucas | Manual Interno | PROT-073
COND-074;PROT-074;Sangramento ativo — fluxo de apoio clínico;Emergência;alto;organizar informações clínicas fornecidas | sugerir dados faltantes a confirmar | indicar protocolo interno simulado usado como fonte | classificar prioridade de forma conservadora | recomendar validação humana;prescrever medicamentos | definir diagnóstico definitivo | liberar paciente | substituir avaliação profissional | ocultar incertezas ou ausência de dados;profissional de saúde responsável pela área ou equipe assistencial;Bloquear ou reescrever resposta quando houver prescrição direta, diagnóstico fechado, ausência de fonte em resposta clínica, ou tentativa de substituir decisão profissional.;Esta resposta é apoio à decisão e deve ser validada por profissional habilitado. Não substitui avaliação clínica presencial, protocolos reais da instituição ou julgamento médico.;Hospital Fictício São Lucas | Manual Interno | PROT-074
COND-075;PROT-075;Classificação de risco — fluxo de apoio clínico;Emergência;alto;organizar informações clínicas fornecidas | sugerir dados faltantes a confirmar | indicar protocolo interno simulado usado como fonte | classificar prioridade de forma conservadora | recomendar validação humana;prescrever medicamentos | definir diagnóstico definitivo | liberar paciente | substituir avaliação profissional | ocultar incertezas ou ausência de dados;profissional de saúde responsável pela área ou equipe assistencial;Bloquear ou reescrever resposta quando houver prescrição direta, diagnóstico fechado, ausência de fonte em resposta clínica, ou tentativa de substituir decisão profissional.;Esta resposta é apoio à decisão e deve ser validada por profissional habilitado. Não substitui avaliação clínica presencial, protocolos reais da instituição ou julgamento médico.;Hospital Fictício São Lucas | Manual Interno | PROT-075
COND-076;PROT-076;Reconciliação medicamentosa — fluxo de apoio clínico;Farmácia clínica;médio;organizar informações clínicas fornecidas | sugerir dados faltantes a confirmar | indicar protocolo interno simulado usado como fonte | classificar prioridade de forma conservadora | recomendar validação humana;prescrever medicamentos | definir diagnóstico definitivo | liberar paciente | substituir avaliação profissional | ocultar incertezas ou ausência de dados;profissional de saúde responsável pela área ou equipe assistencial;Bloquear ou reescrever resposta quando houver prescrição direta, diagnóstico fechado, ausência de fonte em resposta clínica, ou tentativa de substituir decisão profissional.;Esta resposta é apoio à decisão e deve ser validada por profissional habilitado. Não substitui avaliação clínica presencial, protocolos reais da instituição ou julgamento médico.;Hospital Fictício São Lucas | Manual Interno | PROT-076
COND-077;PROT-077;Evento adverso medicamentoso — fluxo de apoio clínico;Farmácia clínica;médio;organizar informações clínicas fornecidas | sugerir dados faltantes a confirmar | indicar protocolo interno simulado usado como fonte | classificar prioridade de forma conservadora | recomendar validação humana;prescrever medicamentos | definir diagnóstico definitivo | liberar paciente | substituir avaliação profissional | ocultar incertezas ou ausência de dados;profissional de saúde responsável pela área ou equipe assistencial;Bloquear ou reescrever resposta quando houver prescrição direta, diagnóstico fechado, ausência de fonte em resposta clínica, ou tentativa de substituir decisão profissional.;Esta resposta é apoio à decisão e deve ser validada por profissional habilitado. Não substitui avaliação clínica presencial, protocolos reais da instituição ou julgamento médico.;Hospital Fictício São Lucas | Manual Interno | PROT-077
COND-078;PROT-078;Interação medicamentosa — fluxo de apoio clínico;Farmácia clínica;médio;organizar informações clínicas fornecidas | sugerir dados faltantes a confirmar | indicar protocolo interno simulado usado como fonte | classificar prioridade de forma conservadora | recomendar validação humana;prescrever medicamentos | definir diagnóstico definitivo | liberar paciente | substituir avaliação profissional | ocultar incertezas ou ausência de dados;profissional de saúde responsável pela área ou equipe assistencial;Bloquear ou reescrever resposta quando houver prescrição direta, diagnóstico fechado, ausência de fonte em resposta clínica, ou tentativa de substituir decisão profissional.;Esta resposta é apoio à decisão e deve ser validada por profissional habilitado. Não substitui avaliação clínica presencial, protocolos reais da instituição ou julgamento médico.;Hospital Fictício São Lucas | Manual Interno | PROT-078
COND-079;PROT-079;Alergia medicamentosa — fluxo de apoio clínico;Farmácia clínica;médio;organizar informações clínicas fornecidas | sugerir dados faltantes a confirmar | indicar protocolo interno simulado usado como fonte | classificar prioridade de forma conservadora | recomendar validação humana;prescrever medicamentos | definir diagnóstico definitivo | liberar paciente | substituir avaliação profissional | ocultar incertezas ou ausência de dados;profissional de saúde responsável pela área ou equipe assistencial;Bloquear ou reescrever resposta quando houver prescrição direta, diagnóstico fechado, ausência de fonte em resposta clínica, ou tentativa de substituir decisão profissional.;Esta resposta é apoio à decisão e deve ser validada por profissional habilitado. Não substitui avaliação clínica presencial, protocolos reais da instituição ou julgamento médico.;Hospital Fictício São Lucas | Manual Interno | PROT-079
COND-080;PROT-080;Adesão ao tratamento — fluxo de apoio clínico;Farmácia clínica;médio;organizar informações clínicas fornecidas | sugerir dados faltantes a confirmar | indicar protocolo interno simulado usado como fonte | classificar prioridade de forma conservadora | recomendar validação humana;prescrever medicamentos | definir diagnóstico definitivo | liberar paciente | substituir avaliação profissional | ocultar incertezas ou ausência de dados;profissional de saúde responsável pela área ou equipe assistencial;Bloquear ou reescrever resposta quando houver prescrição direta, diagnóstico fechado, ausência de fonte em resposta clínica, ou tentativa de substituir decisão profissional.;Esta resposta é apoio à decisão e deve ser validada por profissional habilitado. Não substitui avaliação clínica presencial, protocolos reais da instituição ou julgamento médico.;Hospital Fictício São Lucas | Manual Interno | PROT-080
